player_id,name,nationality,is_indian,is_overseas,is_batsman,is_bowler,is_allrounder,is_wicketkeeper,is_opener,is_finisher,is_anchor,is_aggressive_batter,bats_left,bats_right,bowls_fast,bowls_spin,bowls_medium,is_death_bowler,is_powerplay_bowler,is_economy_bowler,played_csk,played_mi,played_rcb,played_kkr,played_dc,played_srh,played_rr,played_pbks,played_gt,played_lsg,is_captain,won_ipl_title,has_orange_cap,has_purple_cap,is_international_star,is_early_era,is_mid_era,is_recent_era,is_match_winner,is_famous_for_sixes,is_death_specialist,is_consistent_performer
virat-kohli,Virat Kohli,India,1,0,1,0,0,0,1,0,0.3,0.5,0,1,0.1,0,0,0,0,0.4,0,0,1,0,0,0,0,0,0,0,1,0,1,0,1,0,1,1,1,0.5,0.2,1
ms-dhoni,MS Dhoni,India,1,0,0.8,0,0.2,1,0,1,0.5,0.7,0,1,0,0,0,0,0,0,1,0,0,0,0,0,0,0,0,0,1,1,0,0,1,1,1,0.3,1,1,1,1
rohit-sharma,Rohit Sharma,India,1,0,1,0,0,0,1,0.2,0.5,0.7,0,1,0,0,0,0,0,0,0,1,0,0,0,0,0,0,0,0,1,1,0,0,1,0,1,1,1,1,0.2,1
tapan-sharma,Tapan Sharma,India,1,0,0,1,0,0,0,0,0,0,0,1,0,1,0,0,0,1,0,0,0,0,0,0,0,0,0,0,0,0,0,0,0,0,0,1,0,0,0.2,0.3
jasprit-bumrah,Jasprit Bumrah,India,1,0,0,1,0,0,0,0,0,0,0,1,1,0,0,1,1,0.5,0,1,0,0,0,0,0,0,0,0,0,1,0,1,1,0,1,1,1,0,1,1
rashid-khan,Rashid Khan,Afghanistan,0,1,0.3,1,0.3,0,0,0.3,0,0.3,0,1,0,1,0,1,0.8,0.8,0,0,0,0,0,1,0,0,1,0,0,0,0,1,1,0,1,1,1,0.3,0.8,1
andre-russell,Andre Russell,West Indies,0,1,0.5,0.8,1,0,0,1,0,1,0,1,1,0,0.3,1,0,0.3,0,0,0,1,0,0,0,0,0,0,0,1,0,0,1,0,1,1,1,1,0.8,1
kruger-van-wyk,Kruger van Wyk,New Zealand,0,1,0.7,0,0,1,0,0.5,0.3,0.5,0,1,0,0,0,0,0,0,0,0,0,0,0,0,0,1,0,0,0,0,0,0,0,1,0,0,0,0,0,0.3
michael-vaughan,Michael Vaughan,England,0,1,0.8,0,0,0,0.5,0,0.5,0.2,0,1,0,0.3,0,0,0,0.3,0,0,0,0,0,0,0,1,0,0,0,0,0,0,0,1,0,0,0,0,0,0.3
david-warner,David Warner,Australia,0,1,1,0,0,0,1,0,0.2,0.9,1,0,0,0,0,0,0,0,0,0,0,0,0,1,0,0,0,0,1,1,1,0,1,0,1,1,1,0.8,0.2,1
kl-rahul,KL Rahul,India,1,0,1,0,0,1,1,0.3,0.5,0.6,0,1,0,0,0,0,0,0,0,0,0,0,0,0,0,1,0,1,1,0,1,0,1,0,1,1,1,0.5,0.3,1
rishabh-pant,Rishabh Pant,India,1,0,0.8,0,0,1,0,0.7,0.2,1,1,0,0,0,0,0,0,0,0,0,0,0,1,0,0,0,0,0,0,0,0,0,1,0,1,1,1,1,0.5,0.8
ruturaj-gaikwad,Ruturaj Gaikwad,India,1,0,1,0,0,0,1,0,0.5,0.7,0,1,0,0,0,0,0,0,1,0,0,0,0,0,0,0,0,0,1,1,1,0,0,0,0,1,1,0.5,0.2,1
ravindra-jadeja,Ravindra Jadeja,India,1,0,0.5,0.8,1,0,0,0.6,0,0.5,1,0,0,1,0,0.5,0.3,0.8,1,0,0,0,0,0,0,0,0,0,1,1,0,0.5,1,0,1,1,1,0.5,0.5,1
yuzvendra-chahal,Yuzvendra Chahal,India,1,0,0,1,0,0,0,0,0,0,0,1,0,1,0,0,0,1,0,0,1,0,0,0,1,0,0,0,0,0,0,1,1,0,1,1,1,0,0.5,1
mohammed-shami,Mohammed Shami,India,1,0,0,1,0,0,0,0,0,0,0,1,1,0,0,1,1,0.5,0,0,0,0,0,0,0,0,1,0,0,0,0,1,1,0,1,1,1,0,0.8,1
bhuvneshwar-kumar,Bhuvneshwar Kumar,India,1,0,0.2,1,0,0,0,0,0,0,0,1,0,0,1,1,0.8,1,0,0,0,0,0,1,0,0,0,0,0,0,0,0.5,1,0,1,1,1,0,0.7,1
kane-williamson,Kane Williamson,New Zealand,0,1,1,0,0,0,0,0.3,0.8,0.4,0,1,0,0.2,0,0,0,0.3,0,0,0,0,0,1,0,0,0,0,1,1,0,0,1,0,1,0.5,0.7,0.2,0.2,1
joe-root,Joe Root,England,0,1,0.9,0.3,0.3,0,0.5,0.2,0.7,0.3,0,1,0,0.5,0,0,0,0.5,0,0,0,0,0,0,0,1,0,0,0,0,0,0,1,0,0,0.5,0,0,0,0.5
sandeep-sharma,Sandeep Sharma,India,1,0,0,1,0,0,0,0,0,0,0,1,0,0,1,0.5,0.8,0.7,0,0,0,0,0,0,0,1,0,0,0,0,0,0,0,1,0,0,0,0,0.5,0.5
faf-du-plessis,Faf du Plessis,South Africa,0,1,1,0,0,0,1,0.3,0.5,0.7,0,1,0,0,0,0,0,0,0,0,1,0,0,0,0,0,0,0,1,0,1,0,1,0,1,1,1,0.7,0.2,1
suryakumar-yadav,Suryakumar Yadav,India,1,0,1,0,0,0,0,1,0,1,0,1,0,0,0,0,0,0,0,1,0,0,0,0,0,0,0,0,0,1,1,0,1,0,0.5,1,1,1,0.8,1
pat-cummins,Pat Cummins,Australia,0,1,0.4,1,0.4,0,0,0.5,0,0.3,0,1,1,0,0,1,0.5,0.5,0,0,0,1,0,0,0,0,0,0,1,1,0,0,1,0,1,1,1,0.5,0.8,1
prithvi-shaw,Prithvi Shaw,India,1,0,1,0,0,0,1,0,0,1,0,1,0,0,0,0,0,0,0,0,0,0,1,0,0,0,0,0,0,0,0,0,0,0,1,1,1,0.8,0.2,0.5
adam-zampa,Adam Zampa,Australia,0,1,0,1,0,0,0,0,0,0,0,1,0,1,0,0,0,0.8,0,0,0,0,0,0,1,0,0,0,0,0,0,0,0.7,0,0,0.5,0,0,0.3,0.5
ishan-kishan,Ishan Kishan,India,1,0,0.8,0,0,1,1,0.7,0,0.9,1,0,0,0,0,0,0,0,0,1,0,0,0,0,0,0,0,0,0,1,0,0,0.5,0,0.5,1,1,1,0.5,0.7
praveen-dubey,Praveen Dubey,India,1,0,0,1,0,0,0,0,0,0,0,1,0,0,1,0.3,0.5,0.7,0,0,0,0,0,0,0,0,0,0,0,0,0,0,0,1,0,0,0,0,0.3,0.3
varun-chakravarthy,Varun Chakaravarthy,India,1,0,0,1,0,0,0,0,0,0,0,1,0,1,0,0,0.5,0.8,0,0,0,1,0,0,0,0,0,0,0,1,0,0.3,0,0,0.5,1,1,0,0.5,0.8
kuldeep-yadav,Kuldeep Yadav,India,1,0,0,1,0,0,0,0,0,0,1,0,0,1,0,0,0.5,0.8,0,0,0,1,1,0,0,0,0,0,0,0,0,1,1,0,1,1,1,0,0.5,1
deepak-hooda,Deepak Hooda,India,1,0,0.7,0.5,0.7,0,0,0.7,0,0.8,0,1,0,0.5,0,0,0,0.5,0,0,0,0,0,0,0,0,0,1,0,0,0,0,0,0,0.5,1,0.7,0.7,0.3,0.5
tushar-deshpande,Tushar Deshpande,India,1,0,0,1,0,0,0,0,0,0,0,1,1,0,0,1,0.5,0.5,1,0,0,0,0,0,0,0,0,0,0,0,0,0,0,0,0.5,1,0.5,0,0.7,0.5
sachin-tendulkar,Sachin Tendulkar,India,1,0,1,0,0,0,1,0.2,0.7,0.5,0,1,0,0.5,0,0,0,0.3,0,1,0,0,0,0,0,0,0,0,1,0,0,0,1,1,0,0,1,0.5,0,1
ab-de-villiers,AB de Villiers,South Africa,0,1,1,0,0,0.5,0,1,0.3,1,0,1,0,0,0,0,0,0,0,0,1,0,0,0,0,0,0,0,1,0,0,0,1,0,1,1,1,1,0.9,1
chris-gayle,Chris Gayle,West Indies,0,1,1,0.3,0,0,1,0.5,0,1,1,0,0,1,0,0,0.5,0.5,0,0,1,1,0,0,1,1,0,0,0,0,1,0,1,1,0,0,1,1,0.3,0.8
lasith-malinga,Lasith Malinga,Sri Lanka,0,1,0,1,0,0,0,0,0,0,0,1,1,0,0,1,1,0.3,0,1,0,0,0,0,0,0,0,0,0,1,0,1,1,1,0,0,1,0,1,1
yuvraj-singh,Yuvraj Singh,India,1,0,0.8,0.7,0.8,0,0,1,0,1,1,0,0,1,0,0.5,0.3,0.5,0,0,0,0,0,0,0,1,0,0,0,0,0,0,1,1,0,0,1,1,0.8,1
gautam-gambhir,Gautam Gambhir,India,1,0,1,0,0,0,1,0,0.8,0.4,1,0,0,0,0,0,0,0,0,0,0,1,1,0,0,0,0,0,1,1,0,0,1,1,0,0,1,0.3,0,1
harbhajan-singh,Harbhajan Singh,India,1,0,0.3,1,0.2,0,0,0,0,0,0,1,0,1,0,0,0.5,0.7,0,1,0,0,0,0,0,0,0,0,0,1,0,0.3,1,1,0,0,1,0,0.5,1
shane-watson,Shane Watson,Australia,0,1,0.8,0.7,0.8,0,1,0.5,0,0.8,0,1,1,0,0,0.5,0.7,0.3,1,0,1,0,0,0,1,0,0,0,0,1,0,0,1,1,0,0,1,0.8,0.5,1
adam-gilchrist,Adam Gilchrist,Australia,0,1,0.8,0,0,1,1,0,0,1,1,0,0,0,0,0,0,0,0,0,0,0,0,0,0,1,0,0,1,0,0,0,1,1,0,0,1,1,0.3,0.8
ricky-ponting,Ricky Ponting,Australia,0,1,1,0,0,0,0,0.5,0.7,0.5,0,1,0,0,0,0,0,0,0,0,0,0,0,0,1,0,0,0,1,0,0,0,1,1,0,0,0.7,0.3,0,0.8
sourav-ganguly,Sourav Ganguly,India,1,0,0.9,0.4,0.3,0,1,0.2,0.5,0.5,1,0,0,0.5,0,0,0,0.3,0,0,0,1,0,0,0,0,0,0,1,0,0,0,1,1,0,0,0.7,0.5,0,0.8
muttiah-muralitharan,Muttiah Muralitharan,Sri Lanka,0,1,0,1,0,0,0,0,0,0,0,1,0,1,0,0,0.3,0.8,0,0,1,0,0,0,0,0,0,0,0,0,0,0.5,1,1,0,0,0.7,0,0.5,0.8
brendon-mccullum,Brendon McCullum,New Zealand,0,1,0.8,0,0,1,1,0,0,1,0,1,0,0,0,0,0,0,0,0,0,1,0,0,0,0,0,0,0,0,0,0,1,1,0,0,1,1,0.3,0.7
kevin-pietersen,Kevin Pietersen,England,0,1,1,0.3,0.2,0,0,0.5,0.3,0.8,0,1,0,0.5,0,0,0,0.3,0,0,0,0,0,0,0,0,0,0,0,0,0,0,1,1,0,0,0.8,0.7,0.3,0.6
dwayne-bravo,Dwayne Bravo,West Indies,0,1,0.5,0.8,1,0,0,1,0,0.8,0,1,1,0,0,1,0.5,0.5,1,0,0,0,0,0,0,0,0,0,0,1,0,0.3,1,1,0,0,1,0.8,0.9,1
kieron-pollard,Kieron Pollard,West Indies,0,1,0.6,0.7,1,0,0,1,0,1,0,1,1,0,0,1,0.3,0.5,0,1,0,0,0,0,0,0,0,0,0,1,0,0,1,1,0,0,1,1,0.8,1
rohit-sharma-mi,Rohit Sharma,India,1,0,1,0,0,0,1,0.2,0.5,0.7,0,1,0,0,0,0,0,0,0,1,0,0,0,0,0,0,0,0,1,1,0,0,1,0,1,1,1,1,0.2,1
hardik-pandya,Hardik Pandya,India,1,0,0.7,0.8,1,0,0,1,0,1,0,1,1,0,0,1,0.3,0.3,0,1,0,0,0,0,0,0,1,0,1,1,0,0,1,0,1,1,1,1,0.8,1
suresh-raina,Suresh Raina,India,1,0,0.9,0.5,0.3,0,0,0.8,0.3,0.9,1,0,0,0.5,0,0,0,0.4,1,0,0,0,0,0,0,0,0,0,1,1,0,0,1,1,0,0,1,0.7,0.5,1
ambati-rayudu,Ambati Rayudu,India,1,0,0.8,0.3,0.2,0,0,0.7,0.3,0.6,0,1,0,0.5,0,0,0,0.3,1,0,0,0,0,0,0,0,0,0,0,1,0,0,0.5,1,0,0,0.7,0.5,0.3,0.8
ajinkya-rahane,Ajinkya Rahane,India,1,0,0.9,0,0,0,0.5,0.3,0.7,0.3,0,1,0,0,0,0,0,0,0,0,0,0,1,0,1,0,0,0,1,0,0,0,1,0,0,0,0.6,0.3,0,0.8
shikhar-dhawan,Shikhar Dhawan,India,1,0,1,0,0,0,1,0.2,0.5,0.7,1,0,0,0,0,0,0,0,0,0,0,0,1,1,0,1,0,0,0,0,1,0,1,0,1,1,1,0.5,0.2,1
murali-vijay,Murali Vijay,India,1,0,1,0,0,0,1,0,0.6,0.4,0,1,0,0,0,0,0,0,1,0,0,0,0,0,0,0,0,0,0,1,0,0,0.5,1,0,0,0.6,0.3,0,0.7
dinesh-karthik,Dinesh Karthik,India,1,0,0.7,0,0,1,0,1,0.3,0.8,0,1,0,0,0,0,0,0,0,0,0,1,0,0,0,0,0,0,1,0,0,0,0.7,1,0,0,1,0.7,0.7,0.8
manoj-tiwary,Manoj Tiwary,India,1,0,0.7,0.3,0.2,0,0,0.5,0.3,0.5,0,1,0,0.5,0,0,0,0.3,0,0,0,1,0,0,0,0,0,0,0,0,0,0,0.3,1,0,0,0.5,0.4,0,0.5
wriddhiman-saha,Wriddhiman Saha,India,1,0,0.6,0,0,1,0.5,0.4,0.3,0.4,0,1,0,0,0,0,0,0,0,0,0,0,0,0,0,0,1,0,0,0,0,0,0.5,0,0.5,0,0.5,0.3,0,0.7
cheteshwar-pujara,Cheteshwar Pujara,India,1,0,1,0,0,0,0,0,1,0.2,0,1,0,0,0,0,0,0,0,0,0,0,0,0,0,0,0,0,0,0,0,0,1,0,0,0,0.3,0,0,0.5
sanju-samson,Sanju Samson,India,1,0,0.9,0,0,1,0,0.7,0.2,0.9,0,1,0,0,0,0,0,0,0,0,0,0,0,0,1,0,0,0,1,0,1,0,0.8,0,0.5,1,1,0.8,0.5,1
rahul-tewatia,Rahul Tewatia,India,1,0,0.6,0.7,0.7,0,0,1,0,0.9,1,0,0,1,0,0.5,0.3,0.7,0,0,0,0,0,0,1,0,1,0,0,0,0,0,0,0,0.5,1,1,1,0.6,0.7
shubman-gill,Shubman Gill,India,1,0,1,0,0,0,1,0.2,0.6,0.7,0,1,0,0,0,0,0,0,0,0,0,1,0,0,0,0,1,0,0,1,1,0,1,0,0.5,1,1,0.7,0.2,1
narine-sunil,Sunil Narine,West Indies,0,1,0.5,1,0.7,0,1,0.5,0,0.5,1,0,0,1,0,0,0.5,0.7,0,0,0,1,0,0,0,0,0,0,0,1,0,0.5,1,0,1,1,1,0.8,0.5,1
eoin-morgan,Eoin Morgan,England,0,1,0.7,0,0.1,0,0,0.7,0.3,0.7,1,0,0,0,0,0,0,0,0,0,0,1,0,0,0,0,0,0,1,1,0,0,1,0,1,0.5,0.7,0.5,0.3,0.7
mathew-wade,Matthew Wade,Australia,0,1,0.7,0,0,1,0.3,0.6,0.2,0.7,1,0,0,0,0,0,0,0,0,0,0,0,0,0,0,0,0,0,0,0,0,0,0.5,0,0.5,1,0.6,0.7,0.3,0.5
tim-david,Tim David,Singapore,0,1,0.7,0,0.1,0,0,1,0,1,0,1,0,0,0,0,0,0,0,1,0,0,0,0,0,0,0,0,0,0,0,0,0.7,0,0.5,1,1,1,0.8,0.7
nicholas-pooran,Nicholas Pooran,West Indies,0,1,0.8,0,0,1,0,1,0,1,1,0,0,0,0,0,0,0,0,0,0,0,0,0,0,0,0,1,0,0,0,0,0.8,0,0.5,1,1,1,0.7,0.8
liam-livingstone,Liam Livingstone,England,0,1,0.8,0.5,0.5,0,0,1,0,1,0,1,0,1,0,0,0.5,0.5,0,0,0,0,0,0,0,1,0,0,0,0,0,0,0.7,0,0.5,1,1,1,0.7,0.8
trent-boult,Trent Boult,New Zealand,0,1,0.2,1,0,0,0,0,0,0,1,0,1,0,0,1,1,0.5,0,1,0,0,0,0,1,0,0,0,0,1,0,0,1,0,1,1,1,0,0.8,1
kagiso-rabada,Kagiso Rabada,South Africa,0,1,0,1,0,0,0,0,0,0,0,1,1,0,0,1,0.8,0.5,0,0,0,0,1,0,0,0,0,0,0,0,0,1,1,0,1,1,1,0,0.8,1
anrich-nortje,Anrich Nortje,South Africa,0,1,0,1,0,0,0,0,0,0,0,1,1,0,0,1,0.7,0.5,0,0,0,0,1,0,0,0,0,0,0,0,0,0,0.8,0,0.5,1,0.8,0,0.7,0.8
deepak-chahar,Deepak Chahar,India,1,0,0.3,1,0.1,0,0,0,0,0,0,1,0,0,1,0.3,1,0.8,1,0,0,0,0,0,0,0,0,0,0,0,0,0,0.7,0,1,1,0.7,0,0.7,0.8
shardul-thakur,Shardul Thakur,India,1,0,0.5,0.8,0.5,0,0,0.6,0,0.5,0,1,1,0,0,1,0.5,0.5,1,0,0,0,1,0,0,0,0,0,0,0,0,0,0.7,0,0.5,1,0.7,0.5,0.6,0.7
harshal-patel,Harshal Patel,India,1,0,0.3,1,0.1,0,0,0,0,0,0,1,0,0,1,1,0.3,0.7,0,0,1,0,0,0,0,0,0,0,0,0,1,1,0.5,0,1,1,0.8,0,1,0.8
avesh-khan,Avesh Khan,India,1,0,0,1,0,0,0,0,0,0,0,1,1,0,0,1,0.5,0.5,0,0,0,0,1,0,0,0,0,1,0,0,0,0,0.5,0,0.5,1,0.6,0,0.6,0.6
arshdeep-singh,Arshdeep Singh,India,1,0,0,1,0,0,0,0,0,0,1,0,1,0,0,1,0.8,0.5,0,0,0,0,0,0,0,1,0,0,0,0,0,0.5,0.6,0,0.5,1,0.7,0,0.8,0.7
washington-sundar,Washington Sundar,India,1,0,0.4,0.7,0.5,0,0.5,0.3,0,0.3,0,1,0,1,0,0,0.8,0.8,0,0,0,0,0,0,0,0,0,0,0,0,0,0,0.6,0,0.5,1,0.6,0.3,0.5,0.7
axar-patel,Axar Patel,India,1,0,0.4,0.8,0.5,0,0,0.5,0,0.4,1,0,0,1,0,0.5,0.5,0.8,0,0,0,0,1,0,0,0,0,0,0,0,0,0,0.7,0,0.5,1,0.7,0.4,0.5,0.8
shreyas-iyer,Shreyas Iyer,India,1,0,1,0,0,0,0,0.7,0.5,0.7,0,1,0,0,0,0,0,0,0,0,0,1,1,0,0,0,0,0,1,1,0,0,0.8,0,0.5,1,0.8,0.7,0.4,0.9
devdutt-padikkal,Devdutt Padikkal,India,1,0,1,0,0,0,1,0,0.5,0.6,1,0,0,0,0,0,0,0,0,0,1,0,0,0,1,0,0,0,0,0,0,0,0.4,0,0.3,1,0.6,0.6,0,0.6
mayank-agarwal,Mayank Agarwal,India,1,0,1,0,0,0,1,0.2,0.5,0.7,0,1,0,0,0,0,0,0,0,0,0,0,0,0,0,1,0,0,0,0,0,0,0.5,0,0.5,1,0.7,0.6,0.2,0.7
lokesh-rahul,Lokesh Rahul,India,1,0,1,0,0,1,1,0.3,0.5,0.6,0,1,0,0,0,0,0,0,0,0,0,0,0,0,0,1,0,1,1,0,1,0,1,0,1,1,1,0.5,0.3,1
manish-pandey,Manish Pandey,India,1,0,0.8,0,0,0,0,0.6,0.4,0.6,0,1,0,0,0,0,0,0,0,0,0,1,0,1,0,0,0,0,0,0,0,0,0.5,0,0.5,0,0.6,0.4,0.3,0.6
virender-sehwag,Virender Sehwag,India,1,0,1,0.3,0.1,0,1,0,0,1,0,1,0,0.5,0,0,0,0.3,0,0,0,1,0,0,0,1,0,0,0,0,0,0,1,1,0,0,1,1,0.2,0.8
yusuf-pathan,Yusuf Pathan,India,1,0,0.7,0.6,0.7,0,0,1,0,1,0,1,0,1,0,0,0.5,0.5,0,0,0,1,0,0,1,0,0,0,0,1,0,0,0.7,1,0,0,1,1,0.5,0.7
irfan-pathan,Irfan Pathan,India,1,0,0.4,0.8,0.6,0,0,0.5,0,0.4,1,0,1,0,0,0.5,0.8,0.5,0,0,0,0,0,0,0,0,0,0,0,0,0,0,0.7,1,0,0,0.7,0.5,0.5,0.7
pragyan-ojha,Pragyan Ojha,India,1,0,0,1,0,0,0,0,0,0,1,0,0,1,0,0,0.3,0.8,0,0,0,0,0,0,0,0,0,0,0,0,0,0,0.5,1,0,0,0.5,0,0.5,0.7
rp-singh,RP Singh,India,1,0,0,1,0,0,0,0,0,0,1,0,1,0,0,0.5,0.8,0.5,0,0,0,0,0,1,0,0,0,0,0,1,0,0,0.5,1,0,0,0.5,0,0.5,0.6
ashish-nehra,Ashish Nehra,India,1,0,0,1,0,0,0,0,0,0,1,0,1,0,0,0.5,0.8,0.5,0,0,0,0,0,1,0,0,0,0,0,0,0,0,0.6,1,0,0,0.5,0,0.6,0.6
zaheer-khan,Zaheer Khan,India,1,0,0,1,0,0,0,0,0,0,1,0,1,0,0,0.5,0.7,0.6,0,1,0,0,0,0,0,0,0,0,0,1,0,0,0.7,1,0,0,0.6,0,0.6,0.7
amit-mishra,Amit Mishra,India,1,0,0.2,1,0.1,0,0,0,0,0,0,1,0,1,0,0,0.3,0.7,0,0,0,0,1,1,1,0,0,0,0,0,0,0.5,0.5,1,0,0,0.5,0,0.5,0.7
piyush-chawla,Piyush Chawla,India,1,0,0.3,1,0.2,0,0,0.2,0,0.3,0,1,0,1,0,0,0.3,0.7,0,0,0,1,0,0,0,0,0,0,0,1,0,0,0.5,1,0,0,0.5,0.2,0.5,0.6
ajit-agarkar,Ajit Agarkar,India,1,0,0.4,0.8,0.4,0,0,0.4,0,0.4,0,1,1,0,0,0.7,0.5,0.5,0,0,0,0,0,0,0,0,0,0,0,0,0,0,0.4,1,0,0,0.5,0.3,0.5,0.5
shane-bond,Shane Bond,New Zealand,0,1,0,1,0,0,0,0,0,0,0,1,1,0,0,0.5,0.8,0.5,0,0,0,1,0,0,0,0,0,0,0,0,0,0,0.6,1,0,0,0.5,0,0.6,0.6
brett-lee,Brett Lee,Australia,0,1,0.3,1,0.1,0,0,0.3,0,0.2,0,1,1,0,0,1,0.5,0.5,0,0,0,0,0,0,0,0,0,0,0,0,0,0,0.7,1,0,0,0.6,0.3,0.6,0.7
dale-steyn,Dale Steyn,South Africa,0,1,0,1,0,0,0,0,0,0,0,1,1,0,0,1,0.7,0.5,0,0,1,0,0,0,0,0,0,0,0,0,0,0.5,1,0,1,0,0.7,0,0.7,0.8
shaun-pollock,Shaun Pollock,South Africa,0,1,0.5,0.8,0.7,0,0,0.4,0,0.3,0,1,0,0,1,0.5,0.7,0.7,0,0,0,0,0,0,0,0,0,0,0,0,0,0,0.7,1,0,0,0.5,0.3,0.5,0.7
marlon-samuels,Marlon Samuels,West Indies,0,1,0.7,0.5,0.4,0,0,0.5,0.4,0.5,0,1,0,1,0,0,0.5,0.5,0,0,0,0,0,0,1,0,0,0,0,0,0,0,0.5,0,0,0,0.5,0.5,0.3,0.5
daniel-vettori,Daniel Vettori,New Zealand,0,1,0.4,0.8,0.4,0,0,0.2,0.4,0.3,1,0,0,1,0,0,0.3,0.8,0,0,1,0,0,0,0,0,0,0,0,0,0,0,0.7,1,0,0,0.5,0.2,0.4,0.6
graeme-smith,Graeme Smith,South Africa,0,1,0.8,0,0,0,1,0.2,0.7,0.3,1,0,0,0,0,0,0,0,0,0,0,0,0,0,1,0,0,0,1,0,0,0,0.7,1,0,0,0.5,0.2,0,0.6
andrew-symonds,Andrew Symonds,Australia,0,1,0.7,0.5,0.6,0,0,0.7,0.3,0.7,0,1,0,0.5,0,0,0.5,0.5,0,0,0,1,0,0,0,0,0,0,0,0,0,0,0.7,1,0,0,0.7,0.7,0.4,0.7
harbhajan-mi,Harbhajan Singh,India,1,0,0.3,1,0.2,0,0,0,0,0,0,1,0,1,0,0,0.5,0.7,1,1,0,0,0,0,0,0,0,0,0,1,0,0.3,1,1,0,0,1,0,0.5,1
v-sehwag,Virender Sehwag,India,1,0,1,0.3,0.1,0,1,0,0,1,0,1,0,0.5,0,0,0,0.3,0,0,0,1,0,0,0,1,0,0,0,0,0,0,1,1,0,0,1,1,0.2,0.8
symcox-paul,Paul Symcox,South Africa,0,1,0.3,0.7,0.3,0,0,0,0.3,0.2,0,1,0,1,0,0,0.3,0.5,0,0,0,0,0,0,0,0,0,0,0,0,0,0,0.3,1,0,0,0.3,0.2,0.3,0.3
yashpal-sharma,Yashpal Sharma,India,1,0,0.5,0,0,0,0,0.3,0.4,0.3,0,1,0,0,0,0,0,0,0,0,0,0,0,0,0,0,0,0,0,0,0,0,0.2,1,0,0,0.3,0.2,0,0.3
murali-kartik,Murali Kartik,India,1,0,0.2,0.8,0.2,0,0,0,0.3,0.2,1,0,0,1,0,0,0.3,0.7,0,0,0,1,0,0,0,0,0,0,0,0,0,0,0.3,1,0,0,0.4,0,0.4,0.4
partiv-patel,Parthiv Patel,India,1,0,0.6,0,0,1,1,0.4,0.3,0.5,1,0,0,0,0,0,0,0,0,0,1,0,0,0,0,0,0,0,0,0,0,0,0.4,1,0,0,0.5,0.4,0.2,0.5
rohan-gavaskar,Rohan Gavaskar,India,1,0,0.6,0.4,0.3,0,0,0.4,0.4,0.4,1,0,0,0.5,0,0,0,0.4,0,0,0,1,0,0,0,0,0,0,0,0,0,0,0.3,1,0,0,0.3,0.3,0,0.3
deep-dasgupta,Deep Dasgupta,India,1,0,0.5,0,0,1,0.5,0.3,0.4,0.3,0,1,0,0,0,0,0,0,0,0,0,0,0,0,0,0,0,0,0,0,0,0,0.2,1,0,0,0.3,0.2,0,0.3
brad-hodge,Brad Hodge,Australia,0,1,0.7,0.3,0.2,0,0,0.6,0.4,0.5,0,1,0,0.5,0,0,0,0.4,0,0,0,1,0,0,0,0,0,0,0,0,0,0,0.4,1,0,0,0.5,0.4,0.3,0.5
mathew-hayden,Matthew Hayden,Australia,0,1,0.8,0,0,0,1,0.2,0.5,0.6,1,0,0,0,0,0,0,0,1,0,0,0,0,0,0,0,0,0,0,0,0,0,0.7,1,0,0,0.6,0.5,0.2,0.6
simon-katich,Simon Katich,Australia,0,1,0.7,0.3,0.2,0,0.5,0.2,0.5,0.3,1,0,0,0.5,0,0,0,0.4,0,0,0,0,0,0,0,0,0,0,0,0,0,0,0.4,1,0,0,0.4,0.2,0.2,0.4
mark-boucher,Mark Boucher,South Africa,0,1,0.5,0,0,1,0,0.4,0.3,0.4,0,1,0,0,0,0,0,0,0,0,1,0,0,0,0,0,0,0,0,0,0,0,0.5,1,0,0,0.4,0.3,0,0.4
sanath-jayasuriya,Sanath Jayasuriya,Sri Lanka,0,1,0.8,0.6,0.5,0,1,0.3,0,0.9,1,0,0,1,0,0,0.5,0.5,0,0,0,0,0,0,0,0,0,0,0,0,0,0,0.8,1,0,0,0.8,1,0.3,0.7
tillakaratne-dilshan,Tillakaratne Dilshan,Sri Lanka,0,1,0.8,0.4,0.3,0,1,0.3,0.3,0.8,0,1,0,0.5,0,0,0,0.4,0,0,0,0,0,0,0,1,0,0,0,0,0,0,0.7,1,0,0,0.7,0.5,0.2,0.6
kumar-sangakkara,Kumar Sangakkara,Sri Lanka,0,1,1,0,0,1,0.5,0.3,0.7,0.4,1,0,0,0,0,0,0,0,0,0,0,0,0,0,1,0,0,0,0,0,0,0,1,0,0,0,0.7,0.3,0,0.9
mahela-jayawardene,Mahela Jayawardene,Sri Lanka,0,1,0.9,0,0,0,0.5,0.3,0.7,0.4,0,1,0,0,0,0,0,0,0,1,0,0,0,0,0,0,0,0,1,1,0,0,1,0,1,0,0.7,0.3,0.2,0.9
angelo-mathews,Angelo Mathews,Sri Lanka,0,1,0.7,0.5,0.6,0,0,0.6,0.4,0.5,0,1,0,0,1,0.4,0.5,0.6,0,0,0,0,0,0,0,0,0,0,0,0,0,0,0.7,0,0,0,0.5,0.4,0.4,0.6
nuwan-kulasekara,Nuwan Kulasekara,Sri Lanka,0,1,0.3,0.8,0.3,0,0,0.2,0,0.2,0,1,0,0,1,0.5,0.8,0.8,0,0,0,0,0,0,0,0,0,0,0,0,0,0,0.5,0,0,0,0.4,0.2,0.5,0.5
dinesh-chandimal,Dinesh Chandimal,Sri Lanka,0,1,0.7,0,0,1,0,0.5,0.3,0.5,0,1,0,0,0,0,0,0,0,0,0,0,0,0,0,0,0,0,0,0,0,0,0.5,0,0,0,0.4,0.3,0.2,0.5
lasith-embuldeniya,Lasith Embuldeniya,Sri Lanka,0,1,0,0.8,0,0,0,0,0,0,1,0,0,1,0,0,0.3,0.7,0,0,0,0,0,0,0,0,0,0,0,0,0,0,0.3,0,0,1,0.3,0,0.4,0.4
dushmantha-chameera,Dushmantha Chameera,Sri Lanka,0,1,0,0.8,0,0,0,0,0,0,0,1,1,0,0,0.5,0.7,0.5,0,0,0,0,0,0,0,0,0,0,0,0,0,0,0.4,0,0.5,1,0.5,0,0.6,0.5
isuru-udana,Isuru Udana,Sri Lanka,0,1,0.4,0.7,0.4,0,0,0.4,0,0.5,1,0,1,0,0,0.5,0.5,0.5,0,0,0,0,0,0,0,0,0,0,0,0,0,0,0.3,0,0.3,0.5,0.4,0.4,0.4,0.4
azam-khan,Azam Khan,Pakistan,0,1,0.5,0,0,1,0,0.5,0,0.6,0,1,0,0,0,0,0,0,0,0,0,0,0,0,0,0,0,0,0,0,0,0,0.3,0,0.3,1,0.4,0.4,0.2,0.4
mitchell-starc,Mitchell Starc,Australia,0,1,0.2,1,0,0,0,0,0,0,1,0,1,0,0,1,0.7,0.5,0,0,0,0,0,0,0,0,0,0,0,0,0,0,1,0,1,1,0.7,0,0.7,0.7
josh-hazlewood,Josh Hazlewood,Australia,0,1,0,1,0,0,0,0,0,0,0,1,1,0,0,1,0.7,0.6,1,0,0,0,0,0,0,0,0,0,0,0,0,0,0.8,0,1,1,0.7,0,0.7,0.8
cameron-green,Cameron Green,Australia,0,1,0.7,0.7,0.7,0,1,0.5,0,0.7,0,1,1,0,0,0.5,0.5,0.5,0,1,0,0,0,0,0,0,0,0,0,0,0,0,0.7,0,0.5,1,0.7,0.7,0.5,0.7
travis-head,Travis Head,Australia,0,1,0.9,0.3,0.2,0,1,0.3,0.3,0.9,1,0,0,0.5,0,0,0,0.3,0,0,0,0,0,1,0,0,0,0,0,0,0,0,0.8,0,0.5,1,1,0.9,0.4,0.9
david-miller,David Miller,South Africa,0,1,0.7,0,0,0,0,1,0,1,1,0,0,0,0,0,0,0,0,0,0,0,0,0,1,0,1,0,0,0,0,0,0.9,0,1,1,1,1,0.8,0.9
mark-wood,Mark Wood,England,0,1,0,1,0,0,0,0,0,0,0,1,1,0,0,1,0.5,0.5,0,0,0,0,0,0,0,0,0,0,0,0,0,0,0.7,0,0.5,1,0.6,0,0.6,0.6
sam-curran,Sam Curran,England,0,1,0.5,0.7,0.6,0,0,0.6,0,0.6,1,0,1,0,0,1,0.4,0.6,0,0,0,0,0,0,0,1,0,0,0,0,0,0,0.8,0,0.5,1,0.8,0.6,0.7,0.8
ben-stokes,Ben Stokes,England,0,1,0.8,0.7,0.9,0,0,0.8,0.2,0.8,1,0,1,0,0,1,0.3,0.4,0,0,0,0,0,0,1,0,0,0,0,0,0,0,1,0,0.5,0.5,1,0.8,0.6,1
jos-buttler,Jos Buttler,England,0,1,0.9,0,0,1,1,0.5,0.2,1,0,1,0,0,0,0,0,0,0,0,0,0,0,0,1,0,0,0,0,0,1,0,1,0,1,1,1,1,0.5,1
moeen-ali,Moeen Ali,England,0,1,0.7,0.7,0.7,0,0,0.6,0,0.7,1,0,0,1,0,0,0.5,0.5,1,0,0,0,0,0,0,0,0,0,0,1,0,0,1,0,1,1,0.8,0.7,0.5,0.8
jonny-bairstow,Jonny Bairstow,England,0,1,0.9,0,0,1,1,0.3,0.2,0.9,0,1,0,0,0,0,0,0,0,0,0,0,0,1,0,0,0,0,0,0,0,0,1,0,0.5,1,1,0.9,0.4,1
dawid-malan,Dawid Malan,England,0,1,0.8,0.2,0,0,0.5,0.3,0.6,0.4,0,1,0,0.3,0,0,0,0.3,0,0,0,0,0,0,0,0,0,0,0,0,0,0,0.6,0,0.5,1,0.5,0.3,0.2,0.6
sunil-narine,Sunil Narine,West Indies,0,1,0.5,1,0.7,0,1,0.5,0,0.5,1,0,0,1,0,0,0.5,0.7,0,0,0,1,0,0,0,0,0,0,0,1,0,0.5,1,0,1,1,1,0.8,0.5,1
shimron-hetmyer,Shimron Hetmyer,West Indies,0,1,0.8,0,0,0,0,1,0,1,1,0,0,0,0,0,0,0,0,0,0,0,0,0,1,0,0,0,0,0,0,0,0.7,0,0.5,1,0.8,1,0.7,0.8
jason-holder,Jason Holder,West Indies,0,1,0.4,0.8,0.6,0,0,0.4,0,0.3,0,1,0,0,1,0.5,0.5,0.6,0,0,0,0,0,1,0,0,0,0,0,0,0,0,0.7,0,0,0,0.5,0.4,0.5,0.6
obed-mccoy,Obed McCoy,West Indies,0,1,0,0.8,0,0,0,0,0,0,1,0,1,0,0,0.5,0.7,0.5,0,0,0,0,0,0,1,0,0,0,0,0,0,0,0.4,0,0.3,1,0.5,0,0.5,0.4
alzarri-joseph,Alzarri Joseph,West Indies,0,1,0,0.8,0,0,0,0,0,0,0,1,1,0,0,1,0.5,0.5,0,1,0,0,0,0,0,0,0,0,0,0,0,0.5,0.6,0,0.5,1,0.6,0,0.6,0.6
hayley-matthews,Hayley Matthews,Barbados,0,1,0.6,0.6,0.6,0,1,0.4,0,0.6,0,1,0,1,0,0,0.4,0.6,0,0,0,0,0,0,0,0,0,0,0,0,0,0,0.4,0,0.3,1,0.4,0.4,0.4,0.4
rilee-rossouw,Rilee Rossouw,South Africa,0,1,0.8,0,0,0,0,0.8,0,0.9,1,0,0,0,0,0,0,0,0,0,0,0,0,0,1,0,0,0,0,0,0,0,0.6,0,0.5,1,0.7,0.9,0.4,0.7
aiden-markram,Aiden Markram,South Africa,0,1,0.8,0.4,0.4,0,0.5,0.4,0.4,0.7,0,1,0,1,0,0,0.5,0.5,0,0,0,0,0,1,0,0,0,0,1,1,0,0,0.8,0,0.5,1,0.8,0.7,0.4,0.9
quinton-de-kock,Quinton de Kock,South Africa,0,1,0.9,0,0,1,1,0.3,0.2,0.8,1,0,0,0,0,0,0,0,0,1,0,0,0,0,0,0,0,0,0,1,0,0,0.9,0,1,1,1,0.8,0.3,1
lutho-sipamla,Lutho Sipamla,South Africa,0,1,0,0.8,0,0,0,0,0,0,0,1,1,0,0,0.5,0.7,0.5,0,0,0,0,0,0,0,0,0,0,0,0,0,0,0.4,0,0.3,1,0.4,0,0.5,0.4
arshad-iqbal,Arshad Iqbal,Pakistan,0,1,0,0.8,0,0,0,0,0,0,0,1,1,0,0,0.7,0.5,0.5,0,0,0,0,0,0,0,0,0,0,0,0,0,0,0.3,0,0.3,1,0.3,0,0.5,0.3
dasun-shanaka,Dasun Shanaka,Sri Lanka,0,1,0.5,0.7,0.6,0,0,0.7,0,0.7,0,1,1,0,0,0.5,0.5,0.5,0,0,0,0,0,0,0,0,0,0,0,0,0,0,0.5,0,0,1,0.5,0.5,0.5,0.5
wanindu-hasaranga,Wanindu Hasaranga,Sri Lanka,0,1,0.5,0.9,0.6,0,0,0.5,0,0.5,0,1,0,1,0,0,0.5,0.7,0,0,1,0,0,0,0,0,0,0,0,0,0,0.5,0.8,0,0.5,1,0.8,0.5,0.6,0.8
chamika-karunaratne,Chamika Karunaratne,Sri Lanka,0,1,0.4,0.7,0.5,0,0,0.5,0,0.5,0,1,1,0,0,0.5,0.5,0.5,0,0,0,0,0,0,0,0,0,0,0,0,0,0,0.4,0,0.3,1,0.4,0.4,0.5,0.4
pathum-nissanka,Pathum Nissanka,Sri Lanka,0,1,0.8,0,0,0,1,0.2,0.5,0.6,0,1,0,0,0,0,0,0,0,0,0,0,0,0,0,0,0,0,0,0,0,0,0.5,0,0.3,1,0.5,0.4,0.2,0.5
mohd-hafeez,Mohammad Hafeez,Pakistan,0,1,0.7,0.6,0.6,0,0.5,0.3,0.3,0.6,0,1,0,1,0,0,0.4,0.6,0,0,0,0,0,0,0,0,0,0,0,0,0,0,0.6,0,0,0,0.5,0.5,0.3,0.6
shoaib-malik,Shoaib Malik,Pakistan,0,1,0.7,0.6,0.6,0,0,0.5,0.3,0.6,0,1,0,1,0,0,0.4,0.6,0,0,0,0,0,0,0,0,0,0,0,0,0,0,0.6,0,0,0,0.5,0.5,0.3,0.6
gerald-coetzee,Gerald Coetzee,South Africa,0,1,0,0.8,0,0,0,0,0,0,0,1,1,0,0,1,0.5,0.5,0,1,0,0,0,0,0,0,0,0,0,0,0,0,0.5,0,0.3,1,0.5,0,0.6,0.5
mohit-sharma,Mohit Sharma,India,1,0,0,1,0,0,0,0,0,0,0,1,0,0,1,0.5,0.7,0.8,1,0,0,0,0,1,0,0,1,0,0,1,0,0,0.5,0,1,1,0.5,0,0.6,0.6
jaydev-unadkat,Jaydev Unadkat,India,1,0,0.2,1,0,0,0,0,0,0,1,0,1,0,0,0.5,0.8,0.5,0,0,0,0,0,0,1,0,0,0,0,0,1,0,0.5,0,1,1,0.5,0,0.5,0.5
rahul-chahar,Rahul Chahar,India,1,0,0.2,1,0,0,0,0,0,0,0,1,0,1,0,0,0.5,0.8,0,1,0,0,0,0,0,0,0,0,0,0,0,0,0.5,0,0.5,1,0.5,0,0.5,0.5
khaleel-ahmed,Khaleel Ahmed,India,1,0,0,1,0,0,0,0,0,0,1,0,1,0,0,0.5,0.7,0.5,0,0,0,0,0,1,0,0,0,0,0,0,0,0,0.4,0,0.5,1,0.4,0,0.5,0.4
k-gowtham,Krishnappa Gowtham,India,1,0,0.4,0.7,0.4,0,0,0.4,0,0.4,0,1,0,1,0,0,0.4,0.7,1,0,1,0,0,0,0,0,0,0,0,0,0,0,0.3,0,0.5,1,0.3,0.3,0.4,0.4
sai-kishore,R Sai Kishore,India,1,0,0.2,0.8,0,0,0,0,0,0,1,0,0,1,0,0,0.3,0.8,1,0,0,0,0,0,0,0,0,0,0,1,0,0,0.4,0,0.3,1,0.4,0,0.5,0.5
shivam-dube,Shivam Dube,India,1,0,0.7,0.5,0.6,0,0,0.9,0,0.9,1,0,1,0,0,0.7,0.3,0.5,1,0,0,0,0,0,0,0,0,0,0,1,0,0,0.5,0,0.5,1,0.8,1,0.6,0.7
anuj-rawat,Anuj Rawat,India,1,0,0.6,0,0,1,1,0.3,0.3,0.6,1,0,0,0,0,0,0,0,0,0,1,0,0,0,0,0,0,0,0,0,0,0,0.3,0,0.3,1,0.4,0.4,0.2,0.4
akash-madhwal,Akash Madhwal,India,1,0,0,0.8,0,0,0,0,0,0,0,1,1,0,0,1,0.5,0.5,0,1,0,0,0,0,0,0,0,0,0,0,0,0,0.4,0,0.3,1,0.5,0,0.6,0.5
pavan-deshpande,Pavan Deshpande,India,1,0,0.3,0.7,0.3,0,0,0.3,0,0.3,0,1,0,1,0,0,0.3,0.7,0,0,0,0,0,0,0,0,0,0,0,0,0,0,0.2,0,0.2,0.5,0.2,0.2,0.3,0.3
kulwant-khejroliya,Kulwant Khejroliya,India,1,0,0,0.7,0,0,0,0,0,0,1,0,1,0,0,0.5,0.5,0.5,0,0,1,0,0,0,0,0,0,0,0,0,0,0,0.2,0,0.3,0.5,0.2,0,0.4,0.2
finn-allen,Finn Allen,New Zealand,0,1,0.8,0,0,0,1,0.3,0,1,0,1,0,0,0,0,0,0,0,0,0,0,0,0,1,0,0,0,0,0,0,0,0.5,0,0.3,1,0.7,0.9,0.3,0.6
rachin-ravindra,Rachin Ravindra,New Zealand,0,1,0.8,0.5,0.5,0,1,0.3,0.4,0.7,1,0,0,1,0,0,0.4,0.6,1,0,0,0,0,0,0,0,0,0,0,0,0,0,0.6,0,0.3,1,0.6,0.6,0.3,0.7
mitchell-santner,Mitchell Santner,New Zealand,0,1,0.4,0.7,0.5,0,0,0.3,0.4,0.4,1,0,0,1,0,0,0.4,0.7,1,0,0,0,0,0,0,0,0,0,0,1,0,0,0.6,0,0.5,1,0.5,0.3,0.5,0.6
lockie-ferguson,Lockie Ferguson,New Zealand,0,1,0,0.8,0,0,0,0,0,0,0,1,1,0,0,1,0.6,0.5,0,0,0,1,0,0,0,0,1,0,0,1,0,0,0.6,0,0.5,1,0.6,0,0.6,0.6
ish-sodhi,Ish Sodhi,New Zealand,0,1,0.2,0.8,0,0,0,0,0,0,0,1,0,1,0,0,0.4,0.7,0,0,0,0,0,0,0,0,0,0,0,0,0,0,0.5,0,0.3,1,0.4,0.2,0.4,0.4
mohd-nabi,Mohammad Nabi,Afghanistan,0,1,0.5,0.8,0.6,0,0,0.3,0.4,0.5,0,1,0,1,0,0,0.5,0.7,0,0,0,0,0,1,0,0,0,0,0,0,0,0,0.6,0,0,0,0.5,0.4,0.5,0.5
fazalhaq-farooqi,Fazalhaq Farooqi,Afghanistan,0,1,0,0.8,0,0,0,0,0,0,1,0,1,0,0,0.7,0.6,0.5,0,0,0,0,0,1,0,0,0,0,0,0,0,0,0.5,0,0.3,1,0.5,0,0.6,0.5
naveen-ul-haq,Naveen-ul-Haq,Afghanistan,0,1,0.2,0.8,0,0,0,0,0,0,0,1,1,0,0,0.5,0.6,0.5,0,0,0,0,0,0,0,0,0,1,0,0,0,0,0.5,0,0.3,1,0.5,0,0.5,0.5
gulbadin-naib,Gulbadin Naib,Afghanistan,0,1,0.5,0.6,0.5,0,0,0.4,0,0.5,0,1,1,0,0,0.4,0.5,0.5,0,0,0,0,0,0,0,0,0,0,0,0,0,0,0.3,0,0.2,1,0.3,0.3,0.3,0.3
mujeeb-ur-rahman,Mujeeb Ur Rahman,Afghanistan,0,1,0.2,0.9,0,0,0,0,0,0,0,1,0,1,0,0,0.5,0.8,0,0,0,0,0,0,0,0,0,0,0,0,0,0.5,0.6,0,0.5,1,0.6,0,0.5,0.6
sikandar-raza,Sikandar Raza,Zimbabwe,0,1,0.7,0.6,0.6,0,0.3,0.4,0.4,0.6,0,1,0,1,0,0,0.4,0.6,0,0,0,0,0,0,0,0,0,0,0,0,0,0,0.5,0,0.3,1,0.5,0.5,0.4,0.5
blessing-muzarabani,Blessing Muzarabani,Zimbabwe,0,1,0,0.8,0,0,0,0,0,0,0,1,1,0,0,0.5,0.6,0.5,0,0,0,0,0,0,0,0,0,0,0,0,0,0,0.4,0,0.3,1,0.4,0,0.5,0.4
virat-singh,Virat Singh,India,1,0,0.6,0,0,0,0,0.6,0.2,0.7,1,0,0,0,0,0,0,0,0,0,0,0,0,0,0,0,0,0,0,0,0,0,0.2,0,0.2,1,0.4,0.5,0.2,0.4
tilak-varma,Tilak Varma,India,1,0,0.8,0,0,0,0,0.7,0.3,0.8,1,0,0,0,0,0,0,0,0,1,0,0,0,0,0,0,0,0,0,0,0,0,0.5,0,0.3,1,0.8,0.7,0.5,0.8
jitesh-sharma,Jitesh Sharma,India,1,0,0.6,0,0,1,0,0.8,0,0.9,0,1,0,0,0,0,0,0,0,0,0,0,0,0,0,1,0,0,0,0,0,0,0.4,0,0.3,1,0.6,0.8,0.5,0.6
rinku-singh,Rinku Singh,India,1,0,0.7,0,0,0,0,1,0,1,0,1,0,0,0,0,0,0,0,0,0,1,0,0,0,0,0,0,0,0,0,0,0.4,0,0.3,1,0.8,1,0.7,0.7
yashasvi-jaiswal,Yashasvi Jaiswal,India,1,0,1,0,0,0,1,0.2,0.4,0.9,1,0,0,0,0,0,0,0,0,0,0,0,0,0,1,0,0,0,0,0,1,0,0.7,0,0.3,1,1,0.9,0.5,0.9
dhruv-jurel,Dhruv Jurel,India,1,0,0.6,0,0,1,0,0.6,0.3,0.6,0,1,0,0,0,0,0,0,0,0,0,0,0,0,1,0,0,0,0,0,0,0,0.3,0,0.2,1,0.5,0.4,0.3,0.5
riyan-parag,Riyan Parag,India,1,0,0.7,0.4,0.5,0,0,0.7,0.2,0.7,0,1,0,1,0,0,0.3,0.5,0,0,0,0,0,0,1,0,0,0,0,0,0,0,0.4,0,0.3,1,0.6,0.7,0.4,0.6
mohd-siraj,Mohammed Siraj,India,1,0,0,1,0,0,0,0,0,0,0,1,1,0,0,0.7,0.6,0.5,0,0,1,0,0,0,0,0,0,0,0,0,0,0,0.8,0,1,1,0.8,0,0.7,0.8
umesh-yadav,Umesh Yadav,India,1,0,0.2,1,0,0,0,0,0,0,0,1,1,0,0,0.8,0.5,0.5,0,0,0,1,0,0,0,0,1,0,0,0,0,0,0.7,0,1,0.5,0.6,0,0.6,0.6
piyush-chawla-csk,Piyush Chawla,India,1,0,0.3,1,0.2,0,0,0.2,0,0.3,0,1,0,1,0,0,0.3,0.7,1,0,0,1,0,0,0,0,0,0,0,1,0,0,0.5,1,0,0,0.5,0.2,0.5,0.6
rishi-dhawan,Rishi Dhawan,India,1,0,0.4,0.7,0.5,0,0,0.4,0,0.4,0,1,1,0,0,0.4,0.4,0.6,0,0,0,0,0,0,0,1,0,0,0,0,0,0,0.3,0,0.3,0,0.3,0.3,0.4,0.3
paul-valthaty,Paul Valthaty,India,1,0,0.7,0,0,0,1,0.3,0,0.8,0,1,0,0,0,0,0,0,0,0,0,0,0,0,0,1,0,0,0,0,0,0,0.3,1,0,0,0.4,0.6,0.2,0.3
manan-vohra,Manan Vohra,India,1,0,0.6,0,0,0,1,0.2,0.3,0.5,0,1,0,0,0,0,0,0,0,0,0,0,0,0,0,1,0,0,0,0,0,0,0.2,0,0,0,0.3,0.4,0.1,0.3
iqbal-abdulla,Iqbal Abdulla,India,1,0,0.2,0.7,0.2,0,0,0.2,0,0.2,1,0,0,1,0,0,0.3,0.7,0,0,0,1,0,0,0,0,0,0,0,0,0,0,0.2,0,0,0,0.2,0.1,0.3,0.2
kolpak-van-wyk,Kruger van Wyk,New Zealand,0,1,0.7,0,0,1,0,0.5,0.3,0.5,0,1,0,0,0,0,0,0,0,0,0,0,0,0,0,1,0,0,0,0,0,0,0,1,0,0,0,0,0,0.3
south-africa-duminy,JP Duminy,South Africa,0,1,0.7,0.5,0.5,0,0,0.5,0.4,0.5,1,0,0,1,0,0,0.4,0.6,0,0,0,0,0,0,0,0,0,0,0,0,0,0,0.7,0,0,0,0.5,0.4,0.3,0.6
imran-tahir,Imran Tahir,South Africa,0,1,0.2,1,0,0,0,0,0,0,0,1,0,1,0,0,0.3,0.8,1,0,0,0,0,0,0,0,0,0,0,1,0,1,0.7,0,0,0,0.7,0.2,0.5,0.7
chris-morris,Chris Morris,South Africa,0,1,0.5,0.8,0.6,0,0,0.6,0,0.6,0,1,1,0,0,1,0.4,0.6,0,0,0,0,1,0,1,0,0,0,0,0,0,0,0.7,0,0,0.5,0.6,0.5,0.7,0.6
david-miller-rr,David Miller,South Africa,0,1,0.7,0,0,0,0,1,0,1,1,0,0,0,0,0,0,0,0,0,0,0,0,0,1,0,1,0,0,0,0,0,0.9,0,1,1,1,1,0.8,0.9
tabraiz-shamsi,Tabraiz Shamsi,South Africa,0,1,0.2,0.8,0,0,0,0,0,0,1,0,0,1,0,0,0.4,0.8,0,0,0,0,0,0,1,0,0,0,0,0,0,0,0.5,0,0.3,1,0.5,0.2,0.4,0.5
nandre-burger,Nandre Burger,South Africa,0,1,0,0.8,0,0,0,0,0,0,1,0,1,0,0,0.5,0.7,0.5,0,0,0,0,0,0,0,0,0,0,0,0,0,0,0.4,0,0.3,1,0.4,0,0.5,0.4
tom-curran,Tom Curran,England,0,1,0.4,0.7,0.4,0,0,0.4,0,0.4,0,1,1,0,0,0.5,0.5,0.5,0,0,0,1,0,0,0,0,0,0,0,0,0,0,0.5,0,0.3,0.5,0.4,0.3,0.4,0.4
alex-hales,Alex Hales,England,0,1,0.8,0,0,0,1,0.2,0,0.9,0,1,0,0,0,0,0,0,0,0,0,1,0,0,0,0,0,0,0,0,0,0,0.7,0,0.3,0.5,0.7,0.8,0.3,0.7
jason-roy,Jason Roy,England,0,1,0.8,0.2,0,0,1,0.2,0,0.9,0,1,0,0,0,0,0,0,0,0,0,0,0,1,0,0,0,0,0,0,0,0,0.8,0,0.5,0.5,0.7,0.8,0.3,0.7
phil-salt,Phil Salt,England,0,1,0.8,0,0,1,1,0.3,0,0.9,0,1,0,0,0,0,0,0,0,0,0,1,0,0,0,0,0,0,0,0,0,0,0.6,0,0.3,1,0.7,0.8,0.3,0.7
harry-brook,Harry Brook,England,0,1,0.8,0,0,0,0,0.6,0.3,0.8,0,1,0,0,0,0,0,0,0,0,0,0,0,1,0,0,0,0,0,0,0,0,0.7,0,0.3,1,0.7,0.6,0.4,0.7
adam-lyth,Adam Lyth,England,0,1,0.6,0.2,0,0,0.5,0.2,0.5,0.3,1,0,0,0.3,0,0,0,0.3,0,0,0,0,0,0,0,0,0,0,0,0,0,0,0.3,0,0,0,0.3,0.3,0.1,0.3
mohd-kaif,Mohammad Kaif,India,1,0,0.6,0.3,0.2,0,0,0.4,0.5,0.4,0,1,0,0.3,0,0,0,0.3,0,0,0,0,0,0,0,0,0,0,0,0,0,0,0.4,1,0,0,0.3,0.2,0.2,0.4
vinay-kumar,Vinay Kumar,India,1,0,0.2,0.8,0.2,0,0,0.2,0,0.2,0,1,0,0,1,0.5,0.6,0.7,0,0,1,0,0,0,0,0,0,0,0,0,0,0,0.4,1,0,0,0.3,0.1,0.4,0.3
mohit-ahlawat,Mohit Ahlawat,India,1,0,0.5,0,0,0,1,0.3,0,0.6,0,1,0,0,0,0,0,0,0,0,0,0,0,0,0,0,0,0,0,0,0,0,0.2,0,0.2,0.5,0.3,0.4,0.1,0.3
ashoke-dinda,Ashok Dinda,India,1,0,0,0.8,0,0,0,0,0,0,0,1,1,0,0,0.5,0.6,0.5,0,0,0,0,0,0,0,0,0,0,0,0,0,0,0.3,1,0,0,0.2,0,0.4,0.3
laxmipathy-balaji,Laxmipathy Balaji,India,1,0,0.2,0.8,0,0,0,0,0,0,0,1,0,0,1,0.5,0.7,0.7,1,0,0,1,0,0,0,0,0,0,0,0,0,0,0.4,1,0,0,0.4,0,0.4,0.4
fidel-edwards,Fidel Edwards,West Indies,0,1,0,0.8,0,0,0,0,0,0,0,1,1,0,0,0.5,0.5,0.5,0,0,0,0,0,0,0,0,0,0,0,0,0,0,0.4,1,0,0,0.3,0,0.4,0.3
ravi-rampaul,Ravi Rampaul,West Indies,0,1,0.2,0.8,0.1,0,0,0.2,0,0.2,0,1,0,0,1,0.5,0.6,0.7,0,0,0,0,0,0,1,0,0,0,0,0,0,0,0.4,1,0,0,0.3,0.1,0.4,0.3
lendl-simmons,Lendl Simmons,West Indies,0,1,0.7,0.2,0.1,0,1,0.3,0.3,0.6,0,1,0,0.3,0,0,0,0.3,0,1,0,0,0,0,0,0,0,0,0,1,0,0,0.6,0,0,0,0.5,0.5,0.2,0.5
chadwick-walton,Chadwick Walton,West Indies,0,1,0.5,0,0,1,0.5,0.3,0.2,0.5,0,1,0,0,0,0,0,0,0,0,0,1,0,0,0,0,0,0,0,0,0,0,0.3,0,0,0,0.3,0.3,0.2,0.3
asela-gunaratne,Asela Gunaratne,Sri Lanka,0,1,0.6,0.5,0.5,0,0,0.5,0.3,0.6,0,1,0,0.5,0,0,0.3,0.6,0,0,0,0,0,0,0,0,0,0,0,0,0,0,0.3,0,0,0,0.4,0.4,0.3,0.4
suranga-lakmal,Suranga Lakmal,Sri Lanka,0,1,0.2,0.8,0,0,0,0,0,0,0,1,0,0,1,0.5,0.6,0.7,0,0,0,0,0,0,0,0,0,0,0,0,0,0,0.5,0,0,0,0.3,0,0.4,0.4
lahiru-kumara,Lahiru Kumara,Sri Lanka,0,1,0,0.8,0,0,0,0,0,0,0,1,1,0,0,0.6,0.5,0.5,0,0,0,0,0,0,0,0,0,0,0,0,0,0,0.4,0,0.3,1,0.4,0,0.5,0.4
minod-bhanuka,Bhanuka Rajapaksa,Sri Lanka,0,1,0.7,0,0,0,0,0.7,0,0.8,1,0,0,0,0,0,0,0,0,0,0,0,0,0,0,1,0,0,0,0,0,0,0.4,0,0.3,1,0.5,0.7,0.4,0.4
charith-asalanka,Charith Asalanka,Sri Lanka,0,1,0.7,0.3,0.3,0,0,0.6,0.3,0.6,1,0,0,0.4,0,0,0.3,0.6,0,0,0,0,0,0,0,0,0,0,0,0,0,0,0.4,0,0.3,1,0.5,0.5,0.4,0.5
kusal-perera,Kusal Perera,Sri Lanka,0,1,0.8,0,0,1,1,0.3,0,0.9,1,0,0,0,0,0,0,0,0,0,0,0,0,0,0,0,0,0,0,0,0,0,0.6,0,0,0,0.6,0.7,0.3,0.5
akila-dananjaya,Akila Dananjaya,Sri Lanka,0,1,0.2,0.8,0,0,0,0,0,0,0,1,0,1,0,0,0.4,0.7,0,0,0,0,0,0,0,0,0,0,0,0,0,0,0.4,0,0.3,0.5,0.4,0.2,0.4,0.4
shakib-al-hasan,Shakib Al Hasan,Bangladesh,0,1,0.6,0.8,0.7,0,0.3,0.4,0.4,0.5,1,0,0,1,0,0,0.4,0.7,0,0,0,1,0,0,1,0,0,0,0,0,0,0,0.7,0,0,0,0.5,0.4,0.5,0.5
mustafizur-rahman,Mustafizur Rahman,Bangladesh,0,1,0,0.8,0,0,0,0,0,0,1,0,0,0,1,0.5,0.7,0.8,0,0,0,0,0,0,0,0,0,0,0,0,0,0,0.6,0,0,0,0.5,0,0.5,0.5
tamim-iqbal,Tamim Iqbal,Bangladesh,0,1,0.8,0,0,0,1,0.2,0.6,0.4,1,0,0,0,0,0,0,0,0,0,0,0,0,0,0,0,0,0,0,0,0,0,0.5,0,0,0,0.4,0.3,0.2,0.5
mahmudullah,Mahmudullah,Bangladesh,0,1,0.7,0.5,0.5,0,0,0.6,0.4,0.5,0,1,0,0.5,0,0,0.4,0.5,0,0,0,0,0,0,0,0,0,0,0,0,0,0,0.5,0,0,0,0.4,0.4,0.3,0.5
mashrafe-mortaza,Mashrafe Mortaza,Bangladesh,0,1,0.2,0.8,0.2,0,0,0.2,0,0.2,0,1,0,0,1,0.5,0.6,0.6,0,0,0,0,0,0,0,0,0,0,0,0,0,0,0.5,0,0,0,0.4,0,0.4,0.4
nicholas-pooran-lsg,Nicholas Pooran,West Indies,0,1,0.8,0,0,1,0,1,0,1,1,0,0,0,0,0,0,0,0,0,0,0,0,0,0,0,0,1,0,0,0,0,0.8,0,0.5,1,1,1,0.7,0.8
sam-billings,Sam Billings,England,0,1,0.7,0,0,1,0,0.6,0.2,0.7,0,1,0,0,0,0,0,0,0,0,0,0,0,0,0,0,0,0,0,0,0,0,0.5,0,0.3,0.5,0.5,0.4,0.3,0.5
heinrich-klaasen,Heinrich Klaasen,South Africa,0,1,0.9,0,0,1,0,1,0,1,0,1,0,0,0,0,0,0,0,0,0,0,0,1,0,0,0,0,0,0,1,0,0.8,0,0.5,1,1,1,0.7,0.9
marco-jansen,Marco Jansen,South Africa,0,1,0.4,0.8,0.4,0,0,0.4,0,0.3,1,0,1,0,0,0.7,0.5,0.5,0,0,0,0,0,1,0,0,0,0,0,0,0,0,0.6,0,0.3,1,0.6,0.4,0.5,0.6
haris-rauf,Haris Rauf,Pakistan,0,1,0,0.8,0,0,0,0,0,0,0,1,1,0,0,1,0.5,0.5,0,0,0,0,0,0,0,0,0,0,0,0,0,0,0.6,0,0.3,1,0.5,0,0.6,0.5
babar-azam,Babar Azam,Pakistan,0,1,1,0,0,0,1,0.2,0.7,0.5,0,1,0,0,0,0,0,0,0,0,0,0,0,0,0,0,0,0,0,0,0,0,1,0,0.3,1,0.7,0.4,0.2,0.9
fakhar-zaman,Fakhar Zaman,Pakistan,0,1,0.8,0.2,0,0,1,0.2,0,0.9,1,0,0,0.3,0,0,0,0.3,0,0,0,0,0,0,0,0,0,0,0,0,0,0,0.7,0,0,1,0.7,0.8,0.3,0.6
rohail-nazir,Rohail Nazir,Pakistan,0,1,0.5,0,0,1,0.5,0.3,0.3,0.4,0,1,0,0,0,0,0,0,0,0,0,0,0,0,0,0,0,0,0,0,0,0,0.3,0,0,1,0.3,0.3,0.2,0.3
colin-munro,Colin Munro,New Zealand,0,1,0.8,0.2,0,0,1,0.2,0,0.9,1,0,0,0.3,0,0,0,0.3,0,0,0,0,0,0,0,0,0,0,0,0,0,0,0.6,0,0,0,0.6,0.8,0.3,0.5
ross-taylor,Ross Taylor,New Zealand,0,1,0.8,0.2,0.1,0,0,0.6,0.4,0.5,0,1,0,0.3,0,0,0,0.3,0,0,0,0,0,0,0,0,0,0,0,0,0,0,0.7,0,0,0,0.5,0.4,0.3,0.7
martin-guptill,Martin Guptill,New Zealand,0,1,0.8,0.2,0,0,1,0.3,0.3,0.8,0,1,0,0.3,0,0,0,0.3,0,0,0,1,0,0,0,0,0,0,0,0,0,0,0.7,0,0,0,0.6,0.6,0.3,0.6
adam-milne,Adam Milne,New Zealand,0,1,0,0.8,0,0,0,0,0,0,0,1,1,0,0,0.5,0.7,0.5,0,1,0,0,0,0,0,0,0,0,0,0,0,0,0.5,0,0.3,0.5,0.4,0,0.5,0.4
james-neesham,James Neesham,New Zealand,0,1,0.5,0.7,0.6,0,0,0.6,0,0.6,0,1,1,0,0,0.6,0.5,0.5,0,0,0,0,0,0,0,0,0,0,0,0,0,0,0.5,0,0.3,0.5,0.5,0.5,0.5,0.5
glenn-maxwell,Glenn Maxwell,Australia,0,1,0.8,0.5,0.6,0,0,1,0,1,0,1,0,1,0,0,0.5,0.5,0,0,1,0,0,0,0,0,0,0,0,0,0,0,1,0,1,1,1,1,0.6,0.9
steven-smith,Steven Smith,Australia,0,1,0.9,0.3,0.1,0,0,0.3,0.6,0.4,0,1,0,0.4,0,0,0,0.4,0,0,0,0,0,0,1,0,0,0,0,0,0,0,1,0,0.5,0.5,0.6,0.3,0.2,0.8
marcus-stoinis,Marcus Stoinis,Australia,0,1,0.7,0.7,0.7,0,0,0.7,0,0.8,0,1,1,0,0,0.5,0.5,0.5,0,0,0,0,1,0,0,0,0,0,0,0,0,0,0.7,0,0.5,1,0.8,0.8,0.5,0.8
ashton-turner,Ashton Turner,Australia,0,1,0.5,0.3,0.4,0,0,0.6,0.2,0.7,0,1,0,0.3,0,0,0,0.3,0,0,0,0,0,0,1,0,0,0,0,0,0,0,0.4,0,0.3,0.5,0.4,0.4,0.3,0.4
matthew-short,Matthew Short,Australia,0,1,0.6,0.4,0.4,0,1,0.3,0.2,0.6,0,1,0,0.5,0,0,0.3,0.5,0,0,0,0,0,0,0,0,0,0,0,0,0,0,0.4,0,0.3,1,0.4,0.4,0.3,0.4
ryan-ten-doeschate,Ryan ten Doeschate,Netherlands,0,1,0.6,0.5,0.5,0,0,0.5,0.3,0.5,0,1,0,0.5,0,0,0.3,0.6,0,0,0,1,0,0,0,0,0,0,0,0,0,0,0.4,0,0,0,0.4,0.3,0.3,0.4
mohd-shami-pbks,Mohammed Shami,India,1,0,0,1,0,0,0,0,0,0,0,1,1,0,0,1,0.6,0.5,0,0,0,0,0,0,0,1,1,0,0,0,0,1,1,0,1,1,1,0,0.8,1
devendra-bishoo,Devendra Bishoo,West Indies,0,1,0.2,0.8,0,0,0,0,0,0,0,1,0,1,0,0,0.3,0.7,0,0,0,0,0,0,0,0,0,0,0,0,0,0,0.4,0,0,0,0.3,0.1,0.4,0.3
samuel-badree,Samuel Badree,West Indies,0,1,0.2,0.8,0,0,0,0,0,0,0,1,0,1,0,0,0.3,0.7,0,0,0,0,0,0,0,0,0,0,0,0,0,0,0.4,0,0,0,0.3,0.1,0.4,0.3
roston-chase,Roston Chase,West Indies,0,1,0.6,0.6,0.5,0,0,0.4,0.4,0.4,0,1,0,0.5,0,0,0.3,0.6,0,0,0,0,0,0,0,0,0,0,0,0,0,0,0.4,0,0,0,0.3,0.3,0.3,0.4
sheldon-cottrell,Sheldon Cottrell,West Indies,0,1,0,0.8,0,0,0,0,0,0,1,0,1,0,0,0.6,0.6,0.5,0,0,0,0,0,0,0,0,0,0,0,0,0,0,0.5,0,0,0,0.4,0,0.5,0.4
wayne-parnell,Wayne Parnell,South Africa,0,1,0.3,0.8,0.3,0,0,0.3,0,0.3,1,0,1,0,0,0.5,0.7,0.6,0,0,0,0,0,0,0,0,0,0,0,0,0,0,0.5,0,0,0,0.4,0.2,0.4,0.4
ryan-mclaren,Ryan McLaren,South Africa,0,1,0.4,0.7,0.5,0,0,0.4,0,0.4,0,1,0,0,1,0.5,0.5,0.6,0,0,0,0,0,0,0,0,0,0,0,0,0,0,0.4,0,0,0,0.3,0.3,0.4,0.3
albie-morkel,Albie Morkel,South Africa,0,1,0.5,0.7,0.5,0,0,0.5,0,0.6,0,1,1,0,0,0.5,0.5,0.5,0,0,0,0,0,0,0,0,0,0,0,0,0,0,0.5,0,0,0,0.4,0.5,0.4,0.4
morne-morkel,Morne Morkel,South Africa,0,1,0,0.8,0,0,0,0,0,0,0,1,1,0,0,0.8,0.5,0.5,0,0,0,0,0,0,0,0,0,0,0,0,0,0.5,0.7,0,0,0,0.5,0,0.5,0.5
charl-langeveldt,Charl Langeveldt,South Africa,0,1,0,0.8,0,0,0,0,0,0,0,1,1,0,0,0.5,0.6,0.5,0,0,0,0,0,0,0,0,0,0,0,0,0,0,0.4,1,0,0,0.3,0,0.4,0.3
james-faulkner,James Faulkner,Australia,0,1,0.5,0.8,0.6,0,0,0.5,0,0.5,0,1,1,0,0,0.7,0.4,0.5,0,0,0,0,0,0,1,0,0,0,0,0,0,0,0.6,0,0,0,0.5,0.4,0.5,0.5
ben-cutting,Ben Cutting,Australia,0,1,0.5,0.7,0.5,0,0,0.6,0,0.7,0,1,1,0,0,0.6,0.4,0.5,0,0,0,0,0,1,0,0,0,0,0,0,0,0,0.4,0,0,0,0.4,0.5,0.4,0.4
george-bailey,George Bailey,Australia,0,1,0.7,0.3,0.2,0,0,0.5,0.4,0.5,0,1,0,0.3,0,0,0,0.3,0,0,0,0,0,0,0,0,0,0,0,0,0,0,0.5,0,0,0,0.4,0.3,0.2,0.5
mitchell-johnson,Mitchell Johnson,Australia,0,1,0.3,0.8,0.2,0,0,0.2,0,0.2,1,0,1,0,0,0.7,0.5,0.5,0,1,0,0,0,0,0,0,0,0,0,1,0,0,0.7,0,0,0,0.5,0.2,0.5,0.5
peter-siddle,Peter Siddle,Australia,0,1,0,0.7,0,0,0,0,0,0,0,1,0,0,1,0.5,0.6,0.7,0,0,0,0,0,0,0,0,0,0,0,0,0,0,0.5,0,0,0,0.3,0,0.4,0.3
daniel-christian,Daniel Christian,Australia,0,1,0.5,0.7,0.5,0,0,0.5,0,0.6,0,1,1,0,0,0.5,0.4,0.5,0,0,0,0,0,0,0,0,0,0,0,0,0,0,0.4,0,0,0,0.4,0.4,0.4,0.4
mohd-asif,Mohammad Asif,Pakistan,0,1,0,0.8,0,0,0,0,0,0,0,1,0,0,1,0.5,0.6,0.7,0,0,0,0,0,0,0,0,0,0,0,0,0,0,0.5,1,0,0,0.3,0,0.3,0.3
abdur-razzak,Abdur Razzak,Bangladesh,0,1,0.2,0.8,0,0,0,0,0,0,1,0,0,1,0,0,0.3,0.7,0,0,0,0,0,0,0,0,0,0,0,0,0,0,0.3,0,0,0,0.2,0,0.3,0.2
herschelle-gibbs,Herschelle Gibbs,South Africa,0,1,0.8,0.3,0,0,1,0.2,0.3,0.8,0,1,0,0.3,0,0,0,0.3,0,0,0,0,0,0,0,0,0,0,0,0,0,0,0.7,1,0,0,0.6,0.6,0.2,0.6
s-sreesanth,S. Sreesanth,India,1,0,0.2,0.8,0,0,0,0,0,0,0,1,1,0,0,0.5,0.5,0.5,0,0,0,0,0,0,1,0,0,0,0,1,0,0,0.5,1,0,0,0.4,0,0.4,0.4
munaf-patel,Munaf Patel,India,1,0,0.2,0.8,0,0,0,0,0,0,0,1,0,0,1,0.5,0.7,0.7,0,0,1,0,0,0,1,0,0,0,0,0,0,0,0.4,1,0,0,0.3,0,0.4,0.3
rohit-sharma-dc,Rohit Sharma,India,1,0,1,0,0,0,1,0.2,0.5,0.7,0,1,0,0,0,0,0,0,0,0,0,0,1,0,0,0,0,0,1,1,0,0,1,0,1,1,1,1,0.2,1
paul-collingwood,Paul Collingwood,England,0,1,0.6,0.5,0.5,0,0,0.4,0.5,0.4,0,1,0,0.4,0,0,0,0.4,0,0,0,0,0,0,0,0,0,0,0,0,0,0,0.5,1,0,0,0.4,0.3,0.3,0.4
dimitri-mascarenhas,Dimitri Mascarenhas,England,0,1,0.4,0.6,0.4,0,0,0.4,0,0.5,0,1,0,0,1,0.5,0.5,0.6,0,0,0,0,0,0,0,0,0,0,0,0,0,0,0.3,1,0,0,0.3,0.3,0.3,0.3
angelo-mathews-dc,Angelo Mathews,Sri Lanka,0,1,0.7,0.5,0.6,0,0,0.6,0.4,0.5,0,1,0,0,1,0.4,0.5,0.6,0,0,0,0,1,0,0,0,0,0,0,0,0,0,0.7,0,0,0,0.5,0.4,0.4,0.6
daren-sammy,Daren Sammy,West Indies,0,1,0.5,0.7,0.6,0,0,0.5,0,0.5,0,1,1,0,0,0.5,0.4,0.5,0,0,0,0,0,1,0,0,0,0,1,1,0,0,0.6,0,0,0,0.5,0.4,0.4,0.5
harbhajan-singh-mi,Harbhajan Singh,India,1,0,0.3,1,0.2,0,0,0,0,0,0,1,0,1,0,0,0.5,0.7,0,1,0,0,0,0,0,0,0,0,0,1,0,0.3,1,1,0,0,1,0,0.5,1
rohit-sharma-dc2,Rohit Sharma,India,1,0,1,0,0,0,1,0.2,0.5,0.7,0,1,0,0,0,0,0,0,0,0,0,0,1,0,0,0,0,0,1,1,0,0,1,0,1,1,1,1,0.2,1
mitchell-mcclenaghan,Mitchell McClenaghan,New Zealand,0,1,0,0.8,0,0,0,0,0,0,1,0,1,0,0,0.5,0.7,0.5,0,1,0,0,0,0,0,0,0,0,0,1,0,0,0.5,0,0.5,0.5,0.4,0,0.5,0.4
zahir-khan,Zahir Khan,Afghanistan,0,1,0,0.8,0,0,0,0,0,0,1,0,0,1,0,0,0.4,0.7,0,0,0,0,0,0,0,0,0,0,0,0,0,0,0.4,0,0.2,1,0.3,0,0.4,0.3
noor-ahmad,Noor Ahmad,Afghanistan,0,1,0,0.8,0,0,0,0,0,0,0,1,0,1,0,0,0.4,0.8,0,0,0,0,0,0,0,0,1,0,0,0,0,0,0.5,0,0.2,1,0.4,0,0.5,0.5
ikram-ali-khil,Ikram Ali Khil,Afghanistan,0,1,0.5,0,0,1,0.5,0.4,0.2,0.5,0,1,0,0,0,0,0,0,0,0,0,0,0,0,0,0,0,0,0,0,0,0,0.3,0,0.2,1,0.3,0.3,0.2,0.3
azmatullah-omarzai,Azmatullah Omarzai,Afghanistan,0,1,0.5,0.7,0.5,0,0,0.5,0,0.6,0,1,1,0,0,0.5,0.5,0.5,0,0,0,0,0,0,0,0,0,0,0,0,0,0,0.4,0,0.2,1,0.4,0.4,0.4,0.4
